epoch,time,train/box_loss,train/cls_loss,train/dfl_loss,metrics/precision(B),metrics/recall(B),metrics/mAP50(B),metrics/mAP50-95(B),val/box_loss,val/cls_loss,val/dfl_loss,lr/pg0,lr/pg1,lr/pg2
1,3473.21,2.06111,2.01758,1.55142,0.71228,0.3467,0.46149,0.2141,1.9945,1.77012,1.45494,3.32912e-05,3.32912e-05,0.0667421
2,6942.28,1.83206,1.4789,1.37293,0.75055,0.56929,0.65026,0.31831,1.79502,1.45537,1.30251,6.65179e-05,6.65179e-05,0.033442
3,10436.4,1.74823,1.31442,1.3161,0.72305,0.6341,0.70735,0.35538,1.73046,1.24447,1.28238,9.9638e-05,9.9638e-05,0.000141779
4,14036.1,1.69442,1.21674,1.2789,0.73967,0.70282,0.73556,0.38868,1.71397,1.15512,1.25831,9.952e-05,9.952e-05,9.952e-05
